[
    {
        "id": "001",
        "productName": "Nektarinen gelb",
        "specialOffer": 3.6,
        "normalPrice": 5.2,
        "imageName": "nektarinen.jpg",
        "description": "Herkunft: Spanien"
    },
    {
        "id": "002",
        "productName": "Rispentomaten",
        "specialOffer": 2.65,
        "normalPrice": 3.1,
        "imageName": "tomaten.jpg",
        "description": "Tomaten verfügen über einen hohen Gehalt an Vitamin C sowie Zucker und Mineralstoffen."
    },
    {
        "id": "003",
        "productName": "Kalbs-Bratwürste",
        "specialOffer": 8.25,
        "normalPrice": 16.5,
        "imageName": "kalbsbratwuerste.jpg",
        "description": "Terra Suisse Kalbs-Bratwurst 3x2 Stück"
    },
    {
        "id": "004",
        "productName": "Appenzeller Classic",
        "specialOffer": 2.7,
        "normalPrice": 3.45,
        "imageName": "appenzeller.jpg",
        "description": "Schweizer Halbhartkäse und  vollfett. aus Rohmilch"
    },
    {
        "id": "005",
        "productName": "Eier",
        "specialOffer": 4.5,
        "normalPrice": 5.4,
        "imageName": "eier.jpg",
        "description": "9 Schweizer Eier aus Frilandhaltung"
    },
    {
        "id": "006",
        "productName": "Krustenkranz",
        "specialOffer": 2,
        "normalPrice": 2.3,
        "imageName": "krustenkranz.jpg",
        "description": "Terra Suisse"
    },
    {
        "id": "007",
        "productName": "Magunm Almond",
        "specialOffer": 7.9,
        "normalPrice": 9.9,
        "imageName": "vanille_glace.jpg",
        "description": "Vanilleglace und Milchschokolade mit Mandeln"
    },
    {
        "id": "008",
        "productName": "Iced Green Tea",
        "specialOffer": 7.5,
        "normalPrice": 10.8,
        "imageName": "icedtea.jpg",
        "description": "AriZona Green Tea - Grünteegrtränk"
    },
    {
        "id": "009",
        "productName": "Senf",
        "specialOffer": 2.7,
        "normalPrice": 3.4,
        "imageName": "senf.jpg",
        "description": "Senf mild"
    },
    {
        "id": "010",
        "productName": "Olivenöl",
        "specialOffer": 14.35,
        "normalPrice": 17.95,
        "imageName": "olivenoel.jpg",
        "description": "Bertolli Olivenöl extra vergine originale"
    }
]